{"cameraMode":{"drawMode":0,"name":"Shaded","section":"Shading Mode"},"sceneLighting":true,"audioPlay":false,"sceneViewState":{"m_AlwaysRefresh":false,"showFog":true,"showSkybox":true,"showFlares":true,"showImageEffects":true,"showParticleSystems":true,"showVisualEffectGraphs":true,"m_FxEnabled":true},"in2DMode":false,"pivot":{"x":0.5123157501220703,"y":0.1582179069519043,"z":-1.6396751403808594},"rotation":{"x":-0.04342590272426605,"y":0.9563089609146118,"z":-0.21566717326641084,"w":-0.19255857169628144},"size":5.4959635734558109,"orthographic":false}